organism,12C,13C,GC,shift,M_light,M_HeavyMax,M_Lab,EAF,lowest_taxonomy
day0_DO_0_env_virus_control_000000000574,1.6961809894220172,1.6950041875058948,0.379,-0.0011768019161224608,307.87898399999995,317.6645300122,307.6653790954735,-0.021586047020205286,Caudoviricetes
day0_DO_0_env_virus_control_000000000649,1.6982987665398595,1.6978096811452341,0.449,-0.0004890853946253326,307.913704,317.6643390382,307.82502932249423,-0.008993188123966999,
day0_DO_0_env_virus_control_000000000681,1.6958340252429107,1.6968107120371212,0.3951,0.0009766867942104795,307.8869696,317.66448608818,308.0642918690674,0.017934186632072992,Caudoviricetes
day0_DO_0_env_virus_control_000000000689,1.7046746441625538,1.7076631162521787,0.5609000000000001,0.0029884720896249384,307.96920639999996,317.66403375261996,308.5091084751215,0.05507086260291134,Caudoviricetes
day0_DO_0_env_virus_control_000000001151,1.7026798575129218,1.7051619163547633,0.5493,0.0024820588418414946,307.96345279999997,317.66406539973997,308.4123824138751,0.04576421904229726,Caudoviricetes
day0_DO_0_env_virus_control_000000001184,1.7062730729845548,1.7085066817258225,0.5798,0.0022336087412677674,307.9785808,317.66398218963997,308.38174232267164,0.04116313230083444,Caudoviricetes
day0_DO_0_env_virus_control_000000001304,1.6967721676141296,1.6965836154178766,0.4361,-0.00018855219625302233,307.9073056,317.66437423198,307.8730896929847,-0.003467812909951503,Caudoviricetes
day0_DO_0_env_virus_control_000000001567,1.7063371967400416,1.708578473162294,0.5835,0.0022412764222523585,307.980416,317.6639720953,308.38494873023353,0.041311004459771435,
day0_DO_0_env_virus_control_000000001782,1.7016009509340475,1.7033981933426838,0.4813,0.0017972424086363237,307.9297248,317.66425091734,308.2549622535795,0.033039441652334654,Caudoviricetes
day0_DO_0_env_virus_control_000000002018,1.6952119345646997,1.6923729875599536,0.3563,-0.002838947004746073,307.86772479999996,317.66459194233994,307.3521431565735,-0.052042384841505855,Caudoviricetes
day0_DO_0_env_virus_control_000000002180,1.696828471828283,1.6964399838945399,0.38770000000000004,-0.00038848793374302026,307.88329919999995,317.66450627686,307.8128094900935,-0.007126564690902367,Caudoviricetes
day0_DO_0_env_virus_control_000000002394,1.6951146800691603,1.6922379652944506,0.34979999999999994,-0.0028767147747097432,307.8645008,317.66460967563995,307.3420356426432,-0.052719756348723106,Caudoviricetes
day0_DO_0_env_virus_control_000000002639,1.7018264883086882,1.7029956146628251,0.5184000000000001,0.0011691263541369068,307.9481264,317.66414970112,308.15968161597215,0.021531889963144587,Caudoviricetes
day0_DO_0_env_virus_control_000000002920,1.6965893841392985,1.6939801385808506,0.3482,-0.0026092455584478813,307.86370719999996,317.66461404075994,307.3902325819642,-0.047772437738753434,Caudoviricetes
day0_DO_0_env_virus_control_000000003062,1.7048613927795395,1.7079737616999895,0.5653,0.0031123689204499705,307.9713888,317.66402174854,308.53361666377145,0.05736111180169868,
day0_DO_0_env_virus_control_000000003085,1.6954247676044716,1.6926713883391136,0.37079999999999996,-0.0027533792653580136,307.8749168,317.66455238343997,307.3749262203893,-0.05050591669924505,Unclassified
day0_DO_0_env_virus_control_000000003136,1.70629645980732,1.7080060109062978,0.5576,0.0017095510989777463,307.9675696,317.66404275568,308.2761245958409,0.0314677538941284,
day0_DO_0_env_virus_control_000000003633,1.7027293909090127,1.707240862902058,0.5429999999999999,0.004511471993045246,307.96032799999995,317.66408258739995,308.77628525202067,0.08315235700809002,Caudoviricetes
day0_DO_0_env_virus_control_000000003694,1.6975172006552401,1.69778095440987,0.4133,0.0002637537546299473,307.8959968,317.66443643494,307.94383650681425,0.0048429532221130065,Caudoviricetes
day0_DO_0_env_virus_control_000000003729,1.6969991268258542,1.699490802115721,0.4213,0.0024916752898667127,307.89996479999996,317.66441460934,308.3520491422459,0.045784518388270176,Caudoviricetes
day0_DO_0_env_virus_control_000000003929,1.6964159545965474,1.6964489377307723,0.4168,3.2983134224950916e-05,307.89773279999997,317.66442688624,307.9037192045849,0.0006061295285163019,Caudoviricetes
day0_DO_0_env_virus_control_000000004099,1.6968671388982017,1.700201177438599,0.4014,0.003334038540397266,307.89009439999995,317.66446890052,308.4950430240877,0.061203531265556034,Caudoviricetes
day0_DO_0_env_virus_control_000000004197,1.7066748927883468,1.7085451573216563,0.5710000000000001,0.001870264533309518,307.97421599999996,317.66400619779995,308.31171042016894,0.03444285830612495,Caudoviricetes
day0_DO_0_env_virus_control_000000004337,1.6974979408075033,1.6980962823147854,0.41509999999999997,0.0005983415072821074,307.89688959999995,317.66443152418,308.0054184438836,0.010987701551629772,Caudoviricetes
day0_DO_0_env_virus_control_000000004338,1.6964294611492363,1.6964460508255823,0.43479999999999996,1.658967634599051e-05,307.9066608,317.66437777864,307.9096718723519,0.00030515461032533647,Caudoviricetes
day0_DO_0_env_virus_control_000000004343,1.702498674835364,1.7053131506088246,0.5192,0.002814475773460501,307.94852319999995,317.66414751855996,308.45760650845136,0.051816145851656406,Caudoviricetes
day0_DO_0_env_virus_control_000000004410,1.7021354413552712,1.7028220031866033,0.4765,0.0006865618313320887,307.92734399999995,317.66426401269996,308.05154748938,0.012614183854723668,Caudoviricetes
day0_DO_0_env_virus_control_000000004456,1.6974690811719348,1.6980691649396216,0.4086,0.000600083767686721,307.89366559999996,317.66444925748,308.00251117070843,0.01101611156084866,Caudoviricetes
day0_DO_0_env_virus_control_000000004556,1.7030155348630787,1.7060179032375158,0.5332,0.0030023683744371255,307.9554672,317.66410932376,308.4983840064111,0.055299570099693086,Caudoviricetes
day0_DO_0_env_virus_control_000000004652,1.6950842501473509,1.691945342874263,0.36810000000000004,-0.0031389072730878542,307.8735776,317.66455974957995,307.30346634338474,-0.05758114799741485,Caudoviricetes
day0_DO_0_env_virus_control_000000004735,1.6969352523160612,1.6951411730700636,0.34009999999999996,-0.0017940792459976151,307.85968959999997,317.66463613917995,307.5342059499687,-0.03282697840486688,Caudoviricetes
day0_DO_0_env_virus_control_000000004767,1.694978904803674,1.6927009214068978,0.3531,-0.0022779833967763174,307.8661376,317.66460067258,307.4523779078322,-0.04175775883390515,Caudoviricetes
day0_DO_0_env_virus_control_000000005082,1.6963475092333287,1.694970150364349,0.37270000000000003,-0.0013773588689796057,307.8758592,317.66454719985995,307.6258776703277,-0.025254012838509903,
day0_DO_0_env_virus_control_000000005662,1.7006314513940772,1.6987269513357572,0.4509,-0.0019045000583199911,307.9146464,317.66433385462,307.56981950552756,-0.03497497389688953,Caudoviricetes
day0_DO_0_env_virus_control_000000005769,1.6968667159890405,1.6967875077527699,0.41100000000000003,-7.920823627061147e-05,307.89485599999995,317.66444270979997,307.8804837406641,-0.001454774953070947,Tectiviridae
day0_DO_0_env_virus_control_000000005888,1.7002526824749102,1.6999266909185513,0.4619,-0.00032599155635892885,307.92010239999996,317.66430384442,307.8610644967223,-0.005991445779004517,Caudoviricetes
day0_DO_0_env_virus_control_000000005925,1.6989296554024267,1.698100323595356,0.3918,-0.0008293318070706768,307.88533279999996,317.66449509124,307.7350387024135,-0.015198027760535566,
day0_DO_0_env_virus_control_000000005932,1.7021792883567857,1.704449083252946,0.49689999999999995,0.0022697948961603043,307.93746239999996,317.66420835741997,308.34808593729304,0.04174680358862949,Caudoviricetes
day0_DO_0_env_virus_control_000000005940,1.7077953945243405,1.7087843665375053,0.5747,0.000988972013164835,307.9760512,317.66399610345997,308.15439791315913,0.018204569429903575,
day0_DO_0_env_virus_control_000000006064,1.7069863759601427,1.7087603709444967,0.5529,0.0017739949843540437,307.9652384,317.66405557822,308.2852929686662,0.032632640750457985,
day0_DO_0_env_virus_control_000000006166,1.6993828976508203,1.6995724294773442,0.4391,0.00018953182652392542,307.90879359999997,317.66436604738,307.94313460468726,0.0034810254645584976,Caudoviricetes
day0_DO_0_env_virus_control_000000006252,1.6987934682988812,1.6990548494622069,0.4839,0.00026138116332563577,307.9310144,317.66424382402,307.9783935359985,0.004813679135990008,Caudoviricetes
day0_DO_0_env_virus_control_000000006372,1.7008908744898572,1.7005582615149288,0.46880000000000005,-0.00033261297492837016,307.9235248,317.66428501984,307.86330967322715,-0.006113074859585469,Caudoviricetes
day0_DO_0_env_virus_control_000000006776,1.6994118087633763,1.701296144351835,0.4439,0.0018843355884587965,307.9111744,317.66435295202,308.25259134262336,0.03461671526760064,Caudoviricetes
day0_DO_0_env_virus_control_000000007218,1.7025581891567054,1.7051778583578636,0.5113,0.0026196692011581924,307.9446048,317.66416907134,308.41842883843526,0.0482077937114827,Caudoviricetes
day0_DO_0_env_virus_control_000000007419,1.6957637715524607,1.6932458496710363,0.38520000000000004,-0.002517921881424412,307.88205919999996,317.66451309736,307.42490650764825,-0.04621260325038811,Caudoviricetes
day0_DO_0_env_virus_control_000000007543,1.7036634501735963,1.7070460171951345,0.5597,0.003382567021538163,307.9686112,317.66403702646,308.5800726173403,0.06236617835168686,Caudoviricetes
day0_DO_0_env_virus_control_000000007582,1.7026552404422446,1.7047083466420139,0.5176,0.0020531061997692834,307.9477296,317.66415188368,308.31906102272677,0.03779220938501491,Caudoviricetes
day0_DO_0_env_virus_control_000000007595,1.695412628750181,1.692369397519776,0.3494,-0.0030432312304049525,307.8643024,317.66461076691996,307.3116922307097,-0.05576042735270825,Caudoviricetes
day0_DO_0_env_virus_control_000000007603,1.7065457394372454,1.7086776879147385,0.5768,0.0021319484774930952,307.9770928,317.66399037424,308.36184152306333,0.03927710243343267,
day0_DO_0_env_virus_control_000000007918,1.696875599106055,1.6967491812266495,0.4326,-0.00012641787940537164,307.9055696,317.66438378068,307.8826305176144,-0.0023244807527031085,Caudoviricetes
day0_DO_0_env_virus_control_000000008009,1.7013372702746488,1.6997536746314355,0.4617,-0.0015835956432133091,307.9200032,317.66430439006,307.6333929058241,-0.029086271090914596,Caudoviricetes
day0_DO_0_env_virus_control_000000008105,1.702292276644825,1.7047093238319588,0.4964,0.0024170471871338695,307.93721439999996,317.66420972151997,308.3744476460712,0.04445098940238305,Caudoviricetes
day0_DO_0_env_virus_control_000000008295,1.7022553037061623,1.7036974340864126,0.4971,0.0014421303802503171,307.9375616,317.66420781178,308.19844262756186,0.026523225567763417,Caudoviricetes
day0_DO_0_env_virus_control_000000008346,1.6959744678953208,1.6965646127756444,0.39549999999999996,0.0005901448803236065,307.887168,317.6644849969,307.99430288873333,0.01083573034696817,Caudoviricetes
day0_DO_0_env_virus_control_000000008393,1.6992944247310584,1.7006604681965822,0.4849,0.0013660434655238252,307.9315104,317.66424109582,308.1790530397502,0.025151406311220852,Caudoviricetes
day0_DO_0_env_virus_control_000000008429,1.6966949456923701,1.6958121360841676,0.4349,-0.0008828096082025283,307.90671039999995,317.66437750581997,307.7465030491964,-0.01623616302287013,Caudoviricetes
day0_DO_0_env_virus_control_000000008452,1.7032684858776044,1.7067784646846007,0.5931000000000001,0.003509978806996328,307.9851776,317.66394590458,308.61985231817164,0.06484523479745677,Caudoviricetes
day0_DO_0_env_virus_control_000000008724,1.6990889718027689,1.7013723310143196,0.45630000000000004,0.0022833592115507617,307.91732479999996,317.66431912234,308.3311264735122,0.04198251883903623,Caudoviricetes
day0_DO_0_env_virus_control_000000008760,1.6983940116017955,1.697146636572271,0.42560000000000003,-0.0012473750295245445,307.9020976,317.66440287808,307.675960799316,-0.02290687369014943,Phycodnaviridae
day0_DO_0_env_virus_control_000000008862,1.705344344723256,1.7074590089518502,0.5517,0.0021146642285942985,307.96464319999995,317.66405885205995,308.3465260828687,0.03893422942162069,Caudoviricetes
day0_DO_0_env_virus_control_000000008897,1.6994171308025763,1.6990775392374458,0.45770000000000005,-0.0003395915651305259,307.91801919999995,317.66431530285996,307.85648847856805,-0.006243086718076276,Caudoviricetes
day0_DO_0_env_virus_control_000000009669,1.7037517217113747,1.7072260506761017,0.5338,0.0034743289647269915,307.9557648,317.66410768684,308.5837551461665,0.0639668290913861,Caudoviricetes
day0_DO_0_env_virus_control_000000009766,1.702587588289933,1.702995467264428,0.5062,0.00040787897449501287,307.9420752,317.66418298516,308.0158470862162,0.007503733787358881,Caudoviricetes
day0_DO_0_env_virus_control_000000009800,1.6966397101213262,1.6961515159972584,0.4177,-0.0004881941240677534,307.89817919999996,317.66442443086,307.8095840309727,-0.00897076288805273,Caudoviricetes
day0_DO_0_env_virus_control_000000009949,1.7020985609920238,1.7026143482660399,0.4779,0.0005157872740160219,307.9280384,317.66426019322,308.0213498962666,0.009477453378430315,Caudoviricetes
day0_DO_0_env_virus_control_000000010055,1.7049241912518855,1.7076069193444674,0.5793,0.002682728092581854,307.9783328,317.66398355373997,308.46294210377346,0.04947774573472353,Caudoviricetes
day0_DO_0_env_virus_control_000000010186,1.7077622056325155,1.708891806534691,0.5896,0.0011296009021755093,307.9834416,317.66395545328,308.1871575344193,0.020810070496573147,
day0_DO_0_env_virus_control_000000010191,1.6964943891405142,1.6961609466507972,0.4214,-0.0003334424897170063,307.9000144,317.66441433652,307.83949728420953,-0.0061288589179258,Caudoviricetes
day0_DO_0_env_virus_control_000000010357,1.7060800436129497,1.708322667262589,0.5655,0.0022426236496393415,307.97148799999997,317.66402120289996,308.3763131692463,0.04130257900520809,Caudoviricetes
day0_DO_0_env_virus_control_000000010892,1.70238912149647,1.704612093072536,0.5257999999999999,0.0022229715760659907,307.95179679999995,317.66412951243996,308.3539187840051,0.0409431476033849,Caudoviricetes
day0_DO_0_env_virus_control_000000010917,1.7021768794181182,1.70453864015034,0.46159999999999995,0.0023617607322217182,307.9199536,317.66430466288,308.34719078308797,0.04335738519629732,Caudoviricetes
day0_DO_0_env_virus_control_000000011089,1.7022440720825518,1.7052524281574155,0.53,0.003008356074863716,307.95387999999997,317.66411805399997,308.49812329675734,0.05542557068637613,Caudoviricetes
day0_DO_0_env_virus_control_000000011169,1.7016350535950178,1.704589920013487,0.4828,0.002954866418469315,307.93046879999997,317.66424682504,308.4651859237207,0.054323734240191476,Caudoviricetes
day0_DO_0_env_virus_control_000000011358,1.7001603934537266,1.7003472236297386,0.4567,0.00018683017601195395,307.91752319999995,317.66431803105996,307.95136017519246,0.0034330226641627365,Caudoviricetes
day0_DO_0_env_virus_control_000000011478,1.6992543027976585,1.6977931697541382,0.48,-0.0014611330435203573,307.92908,317.664254464,307.6643018834414,-0.02689585232590081,Caudoviricetes
day0_DO_0_env_virus_control_000000011769,1.7018711698450442,1.7020562155225842,0.4855,0.0001850456775400744,307.931808,317.6642394589,307.96528964717584,0.003401985228799936,Caudoviricetes
day0_DO_0_env_virus_control_000000011934,1.7016991435620792,1.7029892142035183,0.4857,0.001290070641439156,307.93190719999996,317.66423891325996,308.16535264453927,0.023720042485611947,Caudoviricetes
day0_DO_0_env_virus_control_000000011966,1.6961833074257455,1.7045594720383825,0.565,0.008376164612637016,307.97123999999997,317.66402256699996,309.49207668722863,0.15516046477761405,Caudoviricetes
day0_DO_0_env_virus_control_000000012157,1.6981437205077192,1.698297331234329,0.426,0.00015361072660979858,307.902296,317.6644017868,307.930148233496,0.002821392319211052,Caudoviricetes
day0_DO_0_env_virus_control_000000012678,1.704541391470722,1.7078677324427252,0.5513,0.003326340972003239,307.96444479999997,317.66405994333996,308.5654244862572,0.06127061670774727,Caudoviricetes
day0_DO_0_env_virus_control_000000012799,1.6992898395549036,1.699198795329843,0.4637,-9.104422506056586e-05,307.9209952,317.66429893366,307.90449746798555,-0.0016744221691135334,Caudoviricetes
day0_DO_0_env_virus_control_000000013151,1.703671732962637,1.7066319450123686,0.5387,0.0029602120497316253,307.9581952,317.66409431866,308.4932874613826,0.05451799293651899,Caudoviricetes
day0_DO_0_env_virus_control_000000013517,1.6959210534671407,1.6937014342581813,0.39799999999999996,-0.0022196192089594113,307.88840799999997,317.6644781764,307.4854440629608,-0.04076137564505579,Caudoviricetes
day0_DO_0_env_virus_control_000000013580,1.7061487222487077,1.70804961007062,0.5622,0.0019008878219122227,307.9698512,317.66403020596,308.3129726008651,0.03500126441032774,
day0_DO_0_env_virus_control_000000013710,1.6966832639488167,1.6957343897364148,0.4072,-0.0009488742124019733,307.8929712,317.66445307696,307.7207813123768,-0.017425858115823343,Caudoviricetes
day0_DO_0_env_virus_control_000000013722,1.6954669132275308,1.6936690613627383,0.3785,-0.0017978518647925323,307.87873599999995,317.6645313762999,307.55226524711816,-0.03299097209025088,Caudoviricetes
day0_DO_0_env_virus_control_000000013853,1.6981020276026952,1.6977490864333147,0.44079999999999997,-0.00035294116938056064,307.9096368,317.66436140944,307.84563947503995,-0.006487744974852901,Caudoviricetes
day0_DO_0_env_virus_control_000000014085,1.703405769530896,1.7064095427303207,0.5522,0.0030037731994247974,307.96489119999995,317.66405748795995,308.5079542229725,0.05536850400401064,Caudoviricetes
day0_DO_0_env_virus_control_000000014093,1.7019582337812464,1.704132293163508,0.49079999999999996,0.0021740593822614507,307.93443679999996,317.66422499943997,308.3277882572558,0.03997830148853869,Caudoviricetes
day0_DO_0_env_virus_control_000000014094,1.705301653197196,1.708034662530443,0.5775,0.0027330093332469385,307.97744,317.6639884645,308.4710214237742,0.05038911289197997,
day0_DO_0_env_virus_control_000000014126,1.6959499955706894,1.6953799310211775,0.3182,-0.0005700645495119172,307.84882719999996,317.66469588675994,307.7453490883493,-0.010424775635418852,Caudoviricetes
day0_DO_0_env_virus_control_000000014276,1.6956142000015118,1.6924514535579984,0.35479999999999995,-0.0031627464435133312,307.86698079999996,317.66459603463994,307.29273154058734,-0.057959819664284144,Caudoviricetes
day0_DO_0_env_virus_control_000000014351,1.697417035684814,1.6966143409198993,0.3962,-0.0008026947649146798,307.8875152,317.66448308716,307.7419176883467,-0.014726404517061274,Caudoviricetes
day0_DO_0_env_virus_control_000000014436,1.7043763263168514,1.707187193072684,0.5507,0.0028108667558326417,307.96414719999996,317.66406158025995,308.4720433553188,0.05177903906629779,Caudoviricetes
day0_DO_0_env_virus_control_000000014467,1.6969772896355344,1.6965479730739361,0.3986,-0.0004293165615982808,307.8887056,317.66447653948,307.8108131489634,-0.00787936674181579,Caudoviricetes
day0_DO_0_env_virus_control_000000014654,1.705207718426301,1.707919772167896,0.5690999999999999,0.0027120537415949997,307.97327359999997,317.66401138137996,308.46309079936674,0.04998321076630689,Caudoviricetes
day0_DO_0_env_virus_control_000000015060,1.704460519149482,1.707881204234164,0.573,0.0034206850846820736,307.97520799999995,317.66400074139995,308.5932840355676,0.06308399684138596,Caudoviricetes
day0_DO_0_env_virus_control_000000015079,1.6995358080797256,1.7093727197266828,0.44,0.009836911646957214,307.90923999999995,317.664363592,309.6914183893944,0.18066139484464636,
day0_DO_0_env_virus_control_000000015094,1.7025239209132936,1.7056210817411828,0.5409,0.003097160827889134,307.9592864,317.66408831662,308.51951314730536,0.05708527876964941,Caudoviricetes
day0_DO_0_env_virus_control_000000015148,1.7062956975214325,1.7081973055855804,0.5623,0.0019016080641478528,307.96990079999995,317.66402993313994,308.3131226974277,0.03501169602538039,
day0_DO_0_env_virus_control_000000015596,1.7113332444282898,1.7089382903785932,0.6282,-0.002394954049696585,308.0025872,317.66385014476,307.57154780663035,-0.04411944316438545,Caudoviricetes
day0_DO_0_env_virus_control_000000016060,1.6969353046836406,1.6975962320039557,0.44909999999999994,0.0006609273203150856,307.91375359999995,317.66433876537997,308.03368074836754,0.0121628062631616,Caudoviricetes
day0_DO_0_env_virus_control_000000016754,1.7075291888903898,1.7088508536924156,0.5927,0.0013216648020257793,307.9849792,317.66394699586,308.223366285392,0.02435570139330461,
day0_DO_0_env_virus_control_000000016915,1.7090088659643081,1.7092416744973755,0.6163000000000001,0.0002328085330673968,307.99668479999997,317.66388261033995,308.03864143217777,0.004291874134506114,
day0_DO_0_env_virus_control_000000017112,1.6952317089575744,1.6925486273604535,0.2927,-0.002683081597120829,307.83617919999995,317.66476545585994,307.34895991134744,-0.04902079857592724,Caudoviricetes
day0_DO_0_env_virus_control_000000017727,1.6962526562101181,1.6946413702898244,0.3953,-0.0016112859202936924,307.88706879999995,317.66448554254,307.59460405591733,-0.029579876459053,Caudoviricetes
day0_DO_0_env_virus_control_000000018693,1.696779279775699,1.6963450235625113,0.3337,-0.0004342562131878225,307.8565152,317.66465359965997,307.77772557421343,-0.007943820355036976,Caudoviricetes
day0_DO_0_env_virus_control_000000018934,1.6963021710385893,1.6931642607270112,0.4003,-0.0031379103115780627,307.8895488,317.66447190154,307.31999827621854,-0.05761902007400871,Caudoviricetes
day0_DO_0_env_virus_control_000000019774,1.7023592213886503,1.7034260206404537,0.5043,0.0010667992518034186,307.9411328,317.66418816874,308.13410697721423,0.019626524506800733,Caudoviricetes
day0_DO_0_env_virus_control_000000019786,1.6973535051142408,1.6966802200773432,0.4318,-0.000673285036897564,307.90517279999995,317.66438596323997,307.78303681300315,-0.01237587186427572,
day0_DO_0_env_virus_control_000000019800,1.7056479024238915,1.7082734195359188,0.5679,0.002625517112027298,307.97267839999995,317.66401465521994,308.44674314456245,0.04837277010454028,Caudoviricetes
day0_DO_0_env_virus_control_000000019851,1.696742847656275,1.6947481110363465,0.4278,-0.001994736619928439,307.90318879999995,317.66439687604,307.54120951307357,-0.036671368015967126,
day0_DO_0_env_virus_control_000000019856,1.6954118367858078,1.6923687767176696,0.3507,-0.003043060068138148,307.86494719999996,317.66460722025994,307.31236669603237,-0.05576112292938907,Caudoviricetes
day0_DO_0_env_virus_control_000000019858,1.700884093069119,1.701036506835714,0.4631,0.0001524137665951386,307.9206976,317.66430057058,307.94828992891,0.002800372093167387,
day0_DO_0_env_virus_control_000000019881,1.695232555694474,1.6930789986990828,0.3574,-0.002153556995391215,307.8682704,317.66458894131995,307.47716661594876,-0.039479903405271716,
day0_DO_0_env_virus_control_000000019889,1.704594487414778,1.7080377241223805,0.5682,0.003443236707602493,307.9728272,317.66401383676,308.59492433300636,0.06347872633459346,
day0_DO_0_env_virus_control_000000019897,1.7022214375644744,1.703906114829619,0.5089,0.0016846772651446518,307.9434144,317.66417561902,308.2481839545023,0.031004038454211465,Caudoviricetes
day0_DO_0_env_virus_control_000000019913,1.6965383104171492,1.6974882529518942,0.4152,0.0009499425347450074,307.89693919999996,317.66443125136,308.06933990387324,0.017454319846195204,Caudoviricetes
day0_DO_0_env_virus_control_000000020008,1.7050231668342888,1.70859056461423,0.5777,0.003567397779941306,307.97753919999997,317.66398791885996,308.62191659673283,0.06578436338749565,Caudoviricetes
day0_DO_0_env_virus_control_000000020040,1.6961303064365212,1.6958289054401998,0.4302,-0.00030140099632136597,307.9043792,317.66439032836,307.84966483854413,-0.005543677840531276,Caudoviricetes
day0_DO_0_env_virus_control_000000020082,1.695521880921051,1.6925096311835066,0.35009999999999997,-0.003012249737544437,307.86464959999995,317.6646088571799,307.3176998847577,-0.05519123246525738,Caudoviricetes
day0_DO_0_env_virus_control_000000020094,1.6957999524424832,1.6938545164882677,0.37799999999999995,-0.0019454359542154798,307.87848799999995,317.6645327404,307.52528721165106,-0.035691222950429244,Caudoviricetes
day7_DO_0_12C_virus_enriched_000000000134,1.7027744503356919,1.7059071714804979,0.5108,0.0031327211448060055,307.9443568,317.66417043544,308.51090499890023,0.05764025416191047,Caudoviricetes
day7_DO_0_12C_virus_enriched_000000000295,1.6968292512094854,1.6955175280803763,0.3951,-0.0013117231291090992,307.8869696,317.66448608818,307.6489595239197,-0.02407208720702116,Caudoviricetes
day7_DO_0_12C_virus_enriched_000000000371,1.7096894609167308,1.7094263930113074,0.6189,-0.00026306790542340863,307.9979744,317.66387551701996,307.9505831141248,-0.00484845206877555,Caudoviricetes
day7_DO_0_12C_virus_enriched_000000000564,1.6993362617207382,1.696312738116827,0.3809,-0.0030235236039111157,307.8799264,317.66452482861996,307.3321347441577,-0.05536296845937207,Caudoviricetes
day7_DO_0_12C_virus_enriched_000000000568,1.7023128462350439,1.7033184946063076,0.49420000000000003,0.001005648371263712,307.9361232,317.66421572356,308.11803774140424,0.018492119246674772,Caudoviricetes
day7_DO_0_12C_virus_enriched_000000000584,1.6992424469992138,1.7018985858404918,0.4482,0.002656138841278022,307.91330719999996,317.66434122076,308.3946160894081,0.048811277366458426,Caudoviricetes
day7_DO_0_12C_virus_enriched_000000000791,1.7062785388437018,1.7083498291484533,0.5767,0.0020712903047515052,307.97704319999997,317.66399064705996,308.3509035335528,0.03816536387473622,
day7_DO_0_12C_virus_enriched_000000000805,1.7024660321578569,1.7045890443465113,0.5219,0.002123012188654405,307.9498624,317.66414015242,308.33388257956324,0.039092234160866525,Caudoviricetes
day7_DO_0_12C_virus_enriched_000000000847,1.6962059542957968,1.697262731984365,0.4128,0.0010567776885681557,307.8957488,317.66443779904,308.08757536263687,0.019418667396284738,Caudoviricetes
day7_DO_0_12C_virus_enriched_000000000941,1.7072710605610668,1.7088213917907722,0.5922,0.0015503312297053817,307.9847312,317.66394835996,308.2644046262542,0.02857313750470371,Caudoviricetes
day7_DO_0_12C_virus_enriched_000000000959,1.7043246466834752,1.7074302512584942,0.5424,0.003105604575019072,307.9600304,317.66408422432,308.5211923131334,0.057184977208234504,Caudoviricetes
day7_DO_0_12C_virus_enriched_000000001059,1.6964539719873744,1.6951659423825616,0.4073,-0.0012880296048127793,307.8930208,317.66445280414,307.65925358175883,-0.0236576910805841,Megaviricetes
day7_DO_0_12C_virus_enriched_000000001063,1.699362102364279,1.7004713425416735,0.4474,0.0011092401773944438,307.9129104,317.66434340332,308.11389721198015,0.020381966438380715,Caudoviricetes
day7_DO_0_12C_virus_enriched_000000001074,1.7021900969019201,1.7049362958292065,0.5489,0.0027461989272863363,307.9632544,317.66406649102,308.46010158552656,0.05064793040329604,Caudoviricetes
day7_DO_0_12C_virus_enriched_000000001085,1.6993753748864986,1.7014569031932696,0.45539999999999997,0.0020815283067709967,307.9168784,317.66432157772,308.29403915447125,0.03826332843437847,Caudoviricetes
day7_DO_0_12C_virus_enriched_000000001151,1.6960062375437892,1.6960684087190554,0.3505,6.21711752661902e-05,307.864848,317.6646077659,307.8761335241918,0.0011388152352057451,Caudoviricetes
day7_DO_0_12C_virus_enriched_000000001236,1.6957562108117226,1.6932604800804492,0.3967,-0.0024957307312734045,307.8877632,317.66448172306,307.43462910707905,-0.04583324315712309,Caudoviricetes
day7_DO_0_12C_virus_enriched_000000001283,1.7016492543604047,1.7043083254668707,0.5317000000000001,0.0026590711064660155,307.9547232,317.66411341606,308.43594663923847,0.04901192711266173,Caudoviricetes
day7_DO_0_12C_virus_enriched_000000001481,1.6956277544138278,1.6927929654456308,0.3601,-0.0028347889681969995,307.8696096,317.66458157517997,307.3549061984631,-0.0519637880309048,Caudoviricetes
day7_DO_0_12C_virus_enriched_000000001499,1.6999576914485734,1.7033759004183897,0.46869999999999995,0.003418208969816261,307.9234752,317.66428529266,308.54263577690165,0.06285722177352711,Caudoviricetes
day7_DO_0_12C_virus_enriched_000000001513,1.7047180387744552,1.7073245462164952,0.5665,0.0026065074420400514,307.97198399999996,317.66401847469996,308.44287200023075,0.04804515900090169,Caudoviricetes
day7_DO_0_12C_virus_enriched_000000001562,1.69902320488585,1.697096674214289,0.4316,-0.0019265306715610109,307.9050736,317.66438650888,307.55593854021157,-0.03537701465390275,Caudoviricetes
day7_DO_0_12C_virus_enriched_000000001707,1.6974716940375454,1.6966524773296725,0.4425,-0.0008192167078728829,307.91047999999995,317.66435677149997,307.761879342545,-0.015065738613846972,Phycodnaviridae
day7_DO_0_12C_virus_enriched_000000001741,1.6982353109134936,1.6994419980566993,0.4324,0.0012066871432057091,307.90547039999996,317.66438432632,308.12425372764994,0.022169693958580348,Caudoviricetes
day7_DO_0_12C_virus_enriched_000000001748,1.6957789044395928,1.694058182079762,0.35840000000000005,-0.0017207223598307841,307.86876639999997,317.66458621311995,307.55636914771014,-0.03153649177147289,Caudoviricetes
day7_DO_0_12C_virus_enriched_000000001831,1.696836816323586,1.6978323706357754,0.4014,0.0009955543121893395,307.89009439999995,317.66446890052,308.07073717496314,0.018275892009885514,Caudoviricetes
day7_DO_0_12C_virus_enriched_000000001861,1.7016148337144514,1.703013845747826,0.47340000000000004,0.0013990120333746692,307.9258064,317.66427247012,308.1789729215916,0.02570766790746049,Caudoviricetes
day7_DO_0_12C_virus_enriched_000000001920,1.695763034532879,1.6935993837390162,0.4081,-0.0021636507938627147,307.89341759999996,317.66445062158,307.50057153374587,-0.039758399165030926,Caudoviricetes
day7_DO_0_12C_virus_enriched_000000001922,1.6972877857421138,1.697232503348455,0.41590000000000005,-5.52823936588176e-05,307.8972864,317.66442934162,307.88725787146393,-0.0010153520099811539,Caudoviricetes
day7_DO_0_12C_virus_enriched_000000001976,1.6965573794369706,1.701450885410525,0.5266,0.004893505973554424,307.9521936,317.66412732988,308.8404428966143,0.09044324248276557,Caudoviricetes
day7_DO_0_12C_virus_enriched_000000002052,1.699279357110473,1.7001212883783574,0.45049999999999996,0.0008419312678844548,307.914448,317.6643349459,308.0670084371758,0.015473526625495195,Caudoviricetes
day7_DO_0_12C_virus_enriched_000000002108,1.6961308362147829,1.6939791107453643,0.3711,-0.002151725469418553,307.87506559999997,317.66455156497994,307.4844927704128,-0.039453823908365625,Caudoviricetes
day7_DO_0_12C_virus_enriched_000000002144,1.7038913514785599,1.7072248158617576,0.5279,0.003333464383197704,307.95283839999996,317.66412378321996,308.5553121537521,0.06134912558676607,Caudoviricetes
day7_DO_0_12C_virus_enriched_000000002281,1.7014957950148246,1.6998336349450578,0.4825,-0.001662160069766827,307.93032,317.6642476435,307.62950851185286,-0.030559994127518555,Caudoviricetes
day7_DO_0_12C_virus_enriched_000000002477,1.695052820869861,1.692850077188629,0.3771,-0.0022027436812319667,307.87804159999996,317.66453519578,307.4779499908332,-0.04042772370954684,Caudoviricetes
day7_DO_0_12C_virus_enriched_000000002647,1.7073463929577652,1.7087764057675259,0.5968,0.001430012809760628,307.9870128,317.66393581024,308.24497180314114,0.026360908038828845,Caudoviricetes
day7_DO_0_12C_virus_enriched_000000002868,1.696164655493948,1.6972740406911857,0.4044,0.001109385197237689,307.89158239999995,317.66446071592,308.0929604694947,0.020376831010712894,Caudoviricetes
day7_DO_0_12C_virus_enriched_000000002869,1.7056096839529769,1.7088975354413978,0.6057,0.003287851488420923,307.9914272,317.66391152925996,308.58513283023154,0.06069879850510907,Caudoviricetes
day7_DO_0_12C_virus_enriched_000000002892,1.7022362186096474,1.7034322457965558,0.5247999999999999,0.001196027186908477,307.95130079999996,317.66413224063996,308.167673900263,0.022029486692680064,Caudoviricetes
day7_DO_0_12C_virus_enriched_000000002989,1.6984196654233403,1.6994032391434564,0.4275,0.0009835737201160377,307.90304,317.6643976945,308.08135007533247,0.018063945657111002,Caudoviricetes
day7_DO_0_12C_virus_enriched_000000002997,1.6970125062954584,1.6976930383316038,0.3796,0.0006805320361453759,307.87928159999996,317.66452837527993,308.00274663848194,0.012477258574545635,Caudoviricetes
day7_DO_0_12C_virus_enriched_000000003080,1.6958065510304188,1.695199410074229,0.3908,-0.0006071409561898555,307.88483679999996,317.66449781944,307.77460636475513,-0.011146144846499737,Caudoviricetes
day7_DO_0_12C_virus_enriched_000000003121,1.7043141650294436,1.707251826418535,0.5700999999999999,0.0029376613890914616,307.97376959999997,317.66400865317996,308.5046122523529,0.05417242554502735,Caudoviricetes
day7_DO_0_12C_virus_enriched_000000003222,1.7026115370271384,1.7040208764146163,0.5024000000000001,0.0014093393874778926,307.94019039999995,317.66419335231996,308.19508837871086,0.025921985985720708,Caudoviricetes
day7_DO_0_12C_virus_enriched_000000003278,1.7036693803405416,1.7063448335769504,0.5519,0.0026754532364088313,307.9647424,317.66405830642,308.4483721912387,0.04930817204171137,Caudoviricetes
day7_DO_0_12C_virus_enriched_000000003377,1.695500265928587,1.6929818283493168,0.3796,-0.002518437579270172,307.87928159999996,317.66452837527993,307.4219683407564,-0.04621564011404644,Caudoviricetes
day7_DO_0_12C_virus_enriched_000000003412,1.6999338230955656,1.7020523741574551,0.469,0.0021185510618895176,307.92362399999996,317.6642844742,308.3073753624019,0.03895906151642605,Caudoviricetes
day7_DO_0_12C_virus_enriched_000000003417,1.7013864670469416,1.7005873672819096,0.4771,-0.0007990997650320075,307.92764159999996,317.66426237577997,307.7830154901682,-0.014688769344743198,Caudoviricetes
day7_DO_0_12C_virus_enriched_000000003558,1.7013605258336741,1.7033518999667487,0.47700000000000004,0.001991374133074597,307.92759199999995,317.66426264859996,308.288008873589,0.036605099958206794,Caudoviricetes
day7_DO_0_12C_virus_enriched_000000003637,1.7054909045073368,1.7080997918214544,0.5740999999999999,0.0026088873141176805,307.97575359999996,317.66399774037995,308.44686372700176,0.048086628397654624,Caudoviricetes
day7_DO_0_12C_virus_enriched_000000003707,1.7062078602006725,1.7083814699481976,0.5698,0.002173609747525118,307.9736208,317.66400947164,308.3659613112392,0.04003768137199633,Caudoviricetes
day7_DO_0_12C_virus_enriched_000000003732,1.7022456078233523,1.7030535815557877,0.49560000000000004,0.000807973732435352,307.9368176,317.66421190408,308.0829803268868,0.014858914310826648,Caudoviricetes
day7_DO_0_12C_virus_enriched_000000003736,1.7026869211562365,1.705545806593536,0.5325,0.0028588854372995076,307.95511999999997,317.66411123349997,308.4721900479169,0.05266501767424595,Caudoviricetes
day7_DO_0_12C_virus_enriched_000000003853,1.6971896348833526,1.699181821392265,0.4573,0.001992186508912308,307.91782079999996,317.66431639414,308.27925933099453,0.036671858445033886,Caudoviricetes
day7_DO_0_12C_virus_enriched_000000004002,1.696517312128734,1.6975041318862545,0.4153,0.000986819757520463,307.8969888,317.66443097854,308.076084427057,0.018132224804642723,Caudoviricetes
day7_DO_0_12C_virus_enriched_000000004162,1.69620187372872,1.6947427378586872,0.3641,-0.0014591358700328794,307.8715936,317.66457066237996,307.6067510169657,-0.026743610567583193,Caudoviricetes
day7_DO_0_12C_virus_enriched_000000004224,1.700818810105414,1.6998915818674396,0.4705,-0.0009272282379744201,307.92436799999996,317.66428038189997,307.75649816726195,-0.017043727012171883,
day7_DO_0_12C_virus_enriched_000000004263,1.6992114489494128,1.6990934059358394,0.4635,-0.00011804301357343228,307.92089599999997,317.6642994793,307.89950495385995,-0.0021710423694566274,Caudoviricetes
day7_DO_0_12C_virus_enriched_000000004291,1.7053490416706611,1.7073327339436686,0.5578,0.0019836922730074313,307.96766879999996,317.66404221003995,308.32590225837527,0.03653455111392421,Caudoviricetes
day7_DO_0_12C_virus_enriched_000000004380,1.7090966723306893,1.7090196783056897,0.6128,-7.699402499961039e-05,307.9949488,317.66389215903996,307.98107376813573,-0.0014190638440942753,Caudoviricetes
day7_DO_0_12C_virus_enriched_000000004393,1.69662968529285,1.6949151171710493,0.40549999999999997,-0.001714568121800708,307.89212799999996,317.6644577149,307.58098053382145,-0.031485828029986736,Caudoviricetes
day7_DO_0_12C_virus_enriched_000000004409,1.6967694780282996,1.6966877326513905,0.41359999999999997,-8.174537690908146e-05,307.89614559999995,317.66443561648,307.8813120667494,-0.001501664888048261,Phycodnaviridae
day7_DO_0_12C_virus_enriched_000000004490,1.6964875705901588,1.6958925091583743,0.3936,-0.0005950614317844494,307.8862256,317.66449018048,307.77823116407933,-0.010921607329355203,Caudoviricetes
day7_DO_0_12C_virus_enriched_000000004732,1.697010408680933,1.6968769013228537,0.4354,-0.00013350735807926561,307.90695839999995,317.66437614171997,307.88273471560774,-0.002455004331218343,Caudoviricetes
day7_DO_0_12C_virus_enriched_000000004760,1.6978921711298238,1.7036525139871768,0.5653,0.00576034285735294,307.9713888,317.66402174854,309.0162259338933,0.1065991629261934,Caudoviricetes
day7_DO_0_12C_virus_enriched_000000004791,1.7020954762554896,1.7049971966998343,0.4919,0.0029017204443446687,307.93498239999997,317.66422199842,308.45994780083913,0.05335790190127113,Caudoviricetes
day7_DO_0_12C_virus_enriched_000000004904,1.702966475263907,1.7078181234449807,0.49119999999999997,0.004851648181073642,307.9346352,317.66422390816,308.81192229546446,0.08916496038802994,Caudoviricetes
day7_DO_0_12C_virus_enriched_000000005025,1.7027146608843748,1.7048218500961883,0.5295000000000001,0.0021071892118134095,307.95363199999997,317.6641194181,308.33473905568957,0.038810829167953996,Caudoviricetes
day7_DO_0_12C_virus_enriched_000000005047,1.6959586275051521,1.6947166770521283,0.369,-0.0012419504530238878,307.87402399999996,317.66455729419994,307.64856786128297,-0.022772078803421518,Caudoviricetes
day7_DO_0_12C_virus_enriched_000000005223,1.6968961625505685,1.6963892373425373,0.3861,-0.0005069252080311948,307.8825056,317.66451064198003,307.7905297875461,-0.009298067879084385,Unclassified
day7_DO_0_12C_virus_enriched_000000005314,1.6992099660685018,1.6988827035336962,0.44689999999999996,-0.00032726253480563905,307.9126624,317.66434476742,307.8533593824754,-0.0060137338988600336,Caudoviricetes
day7_DO_0_12C_virus_enriched_000000005333,1.696085355587183,1.6943555934797683,0.36869999999999997,-0.0017297621074148228,307.8738752,317.66455811265996,307.5598883116458,-0.031713595997846206,Caudoviricetes
day7_DO_0_12C_virus_enriched_000000005408,1.7022900418425848,1.704547974770162,0.5,0.0022579329275771443,307.93899999999996,317.66419989999997,308.3474530783206,0.04153274144265335,Caudoviricetes
day7_DO_0_12C_virus_enriched_000000005410,1.6991570830786409,1.69804061994926,0.4314,-0.0011164631293809624,307.90497439999996,317.66438705452,307.70265964364575,-0.020499857429952518,
day7_DO_0_12C_virus_enriched_000000005500,1.6969283349420887,1.6982721190390182,0.4218,0.001343784096929479,307.90021279999996,317.66441324524,308.1440365377985,0.024693705266962303,Caudoviricetes
day7_DO_0_12C_virus_enriched_000000005561,1.698425843784955,1.700327471130497,0.4386,0.0019016273455418897,307.90854559999997,317.66436741148,308.2532926564473,0.034944889316077775,Caudoviricetes
day7_DO_0_12C_virus_enriched_000000005744,1.6969465804456787,1.6975739329021935,0.4093,0.0006273524565147959,307.8940128,317.66444734774,308.0078396390426,0.01152067055915401,Caudoviricetes
day7_DO_0_12C_virus_enriched_000000006349,1.7062167803985022,1.708431956084756,0.5901,0.002215175686253845,307.9836896,317.66395408918,308.3835438206374,0.04084711828150406,Caudoviricetes
day7_DO_0_12C_virus_enriched_000000006493,1.7032193728889755,1.706650912737611,0.5227,0.003431539848635534,307.95025919999995,317.66413796985995,308.57069811859327,0.06316162792650465,Caudoviricetes
day7_DO_0_12C_virus_enriched_000000007330,1.70952552316309,1.7092837353770414,0.6319,-0.0002417877860485529,308.00442239999995,317.66384005041994,307.96085960647844,-0.004459762580232838,Caudoviricetes
day7_DO_0_12C_virus_enriched_000000007400,1.6952983175721612,1.6928621896118214,0.3967,-0.0024361279603397623,307.8877632,317.66448172306,307.4453313395991,-0.04475074234096785,Caudoviricetes
day7_DO_0_12C_virus_enriched_000000007575,1.6952663284741565,1.6927563116605695,0.3778,-0.0025100168135869794,307.8783888,317.66453328603995,307.42254306092747,-0.04606310804361102,Caudoviricetes
day7_DO_0_12C_virus_enriched_000000007669,1.7000602827566917,1.7000675277453083,0.46149999999999997,7.2449886165948385e-06,307.919904,317.6643049357,307.92121623358486,0.00013316894705111884,Caudoviricetes
day7_DO_0_12C_virus_enriched_000000007683,1.696320603042893,1.6962342526349021,0.415,-8.635040799087612e-05,307.89684,317.664431797,307.8811666551704,-0.0015867961900733847,Caudoviricetes
day7_DO_0_12C_virus_enriched_000000007713,1.706873911212181,1.7088706523636443,0.5447,0.0019967411514634215,307.96117119999997,317.66407794945997,308.3214314040775,0.03671651011422632,Caudoviricetes
day7_DO_0_12C_virus_enriched_000000007812,1.7088050160264896,1.7087509534258336,0.6162,-5.406260065599078e-05,307.99663519999996,317.66388288315994,307.98689090563283,-0.0009967689737881615,Caudoviricetes
day7_DO_0_12C_virus_enriched_000000007979,1.7001592711580917,1.6974531396875026,0.42810000000000004,-0.0027061314705891792,307.9033376,317.66439605758,307.41325003825574,-0.04965051168737723,Caudoviricetes
day7_DO_0_12C_virus_enriched_000000008170,1.7026147241649687,1.7048303699492753,0.5168,0.0022156457843065525,307.94733279999997,317.66415406624,308.3480706768801,0.04078337292521908,Caudoviricetes
day7_DO_0_12C_virus_enriched_000000008528,1.7019737354910773,1.7040251061414307,0.4925,0.0020513706503533236,307.93528,317.6642203615,308.30643108325575,0.03772525231948118,Caudoviricetes
day7_DO_0_12C_virus_enriched_000000008590,1.6955781224758832,1.6925127715823955,0.3458,-0.003065350893487695,307.8625168,317.66462058843996,307.30594755176844,-0.056149626545112685,Caudoviricetes
day7_DO_0_12C_virus_enriched_000000008594,1.7015738594982832,1.703111926199245,0.4828,0.0015380667009616822,307.93046879999997,317.66424682504,308.2088097004723,0.02827760031363818,Caudoviricetes
day7_DO_0_12C_virus_enriched_000000008745,1.7021032838513521,1.7014635812735384,0.4728,-0.000639702577813761,307.9255088,317.66427410704,307.8097809569115,-0.011751164906211581,Caudoviricetes
day7_DO_0_12C_virus_enriched_000000008904,1.6959307972488942,1.6950649382212348,0.41659999999999997,-0.0008658590276593436,307.89763359999995,317.66442743188,307.74043618010523,-0.01591623545715545,Caudoviricetes
day7_DO_0_12C_virus_enriched_000000009001,1.6968239835524705,1.6968010026527434,0.4239,-2.298089972718742e-05,307.90125439999997,317.66440751602,307.89708434587425,-0.0004223753391098051,Caudoviricetes
day7_DO_0_12C_virus_enriched_000000009263,1.6960033710173805,1.6947486443511028,0.3502,-0.0012547266662776835,307.86469919999996,317.66460858435994,307.63693665288895,-0.022983026239541526,Caudoviricetes
day7_DO_0_12C_virus_enriched_000000009455,1.7006064326197132,1.6996341389668919,0.4291,-0.0009722936528213655,307.9038336,317.66439332938,307.7277946662724,-0.017835322546015192,Herelleviridae
day7_DO_0_12C_virus_enriched_000000009493,1.6960635602239664,1.6950151641862328,0.3784,-0.0010483960377336565,307.8786864,317.66453164912,307.6883758464959,-0.01923142610987107,Caudoviricetes
day7_DO_0_12C_virus_enriched_000000009669,1.7069764609622569,1.7087346878569136,0.5999,0.001758226894656767,307.98855039999995,317.66392735281994,308.30578602974873,0.03242358455623986,Caudoviricetes
day7_DO_0_12C_virus_enriched_000000010320,1.6959037650247462,1.6933424514205804,0.36479999999999996,-0.0025613136041657825,307.87194079999995,317.6645687526399,307.4069635963551,-0.04695473224748454,Caudoviricetes
day7_DO_0_12C_virus_enriched_000000010364,1.6966149322934718,1.6938770252682716,0.3804,-0.00273790702520027,307.8796784,317.66452619272,307.38283853471114,-0.05021220842230641,Caudoviricetes
day7_DO_0_12C_virus_enriched_000000010764,1.7054744710279661,1.7081035778387827,0.5963,0.0026291068108166282,307.98676479999995,317.66393717433994,308.4615476916424,0.048516956122133637,Caudoviricetes
day7_DO_0_12C_virus_enriched_000000011112,1.701753091895539,1.7011317499214313,0.4939,-0.0006213419741076809,307.93597439999996,317.66421654202,307.8235411997057,-0.011428971837512649,Caudoviricetes
day7_DO_0_12C_virus_enriched_000000011580,1.6971888965730693,1.6969534180559671,0.4515,-0.00023547851710215006,307.914944,317.6643322177,307.8722219703231,-0.004333327121814236,Caudoviricetes
day7_DO_0_12C_virus_enriched_000000011591,1.697690559480494,1.697627177275758,0.43329999999999996,-6.338220473600664e-05,307.9059168,317.66438187094,307.89442132707705,-0.0011649097836269051,Caudoviricetes
day7_DO_0_12C_virus_enriched_000000011663,1.693733539577307,1.692890332647683,0.5937,-0.0008432069296240297,307.9854752,317.66394426766,307.8321479611848,-0.01566605367848511,Caudoviricetes
day7_DO_0_12C_virus_enriched_000000011688,1.6958765606712005,1.694990128084769,0.36460000000000004,-0.000886432586431507,307.8718416,317.66456929827996,307.7109173681497,-0.016250425171009518,Caudoviricetes
day7_DO_0_12C_virus_enriched_000000011716,1.6957344155070746,1.692848656930661,0.365,-0.0028857585764134885,307.87203999999997,317.66456820699995,307.34811103344526,-0.05290838933825424,
day7_DO_0_13C_virus_enriched_000000000039,1.6950914295317405,1.692169779182377,0.2868,-0.002921650349363425,307.83325279999997,317.66478155223996,307.30267308322493,-0.053367462283155476,Caudoviricetes
day7_DO_0_13C_virus_enriched_000000000202,1.7050306189920361,1.7077613875489974,0.5577000000000001,0.002730768556961305,307.9676192,317.66404248286,308.4608586067919,0.05030291618939417,Caudoviricetes
day7_DO_0_13C_virus_enriched_000000000318,1.705294268922622,1.7086884913006268,0.5847,0.0033942223780047964,307.98101119999995,317.66396882145995,308.5940174472302,0.06260425204954824,Caudoviricetes
day7_DO_0_13C_virus_enriched_000000000538,1.702824135085225,1.705179683932374,0.5293,0.0023555488471491692,307.95353279999995,317.66411996373995,308.3795307490637,0.04338194098575744,Caudoviricetes
day7_DO_0_13C_virus_enriched_000000000685,1.698670234437103,1.6985379521168023,0.4465,-0.00013228232030071396,307.912464,317.6643458587,307.8884856112806,-0.0024315238119837195,Caudoviricetes
day7_DO_0_13C_virus_enriched_000000001174,1.695311497538394,1.6923537436974336,0.36,-0.00295775384096042,307.86956,317.66458184799995,307.33243017168996,-0.05422765488914626,Caudoviricetes
day7_DO_0_13C_virus_enriched_000000001371,1.7049889314014153,1.7076087236430868,0.5318999999999999,0.002619792241671526,307.95482239999995,317.66411287041996,308.42800884693236,0.048193865906899835,Caudoviricetes
day7_DO_0_13C_virus_enriched_000000001568,1.6954895762591873,1.6930070382630453,0.37170000000000003,-0.0024825379961419536,307.8753632,317.66454992805996,307.42457170123635,-0.04553822163698012,Caudoviricetes
day7_DO_0_13C_virus_enriched_000000001643,1.7076268831323198,1.708772947871861,0.5961,0.0011460647395411527,307.9866656,317.66393771997997,308.19336921961366,0.021122342974970298,Caudoviricetes
day7_DO_0_13C_virus_enriched_000000001682,1.7073561502264243,1.7086727277690912,0.5954999999999999,0.0013165775426668969,307.98636799999997,317.66393935689996,308.2238626407652,0.02426802275928296,Caudoviricetes
day7_DO_0_13C_virus_enriched_000000001772,1.703046708367138,1.7064010366107258,0.5468,0.003354328243587945,307.9622128,317.66407222024,308.5687765209347,0.06182561081542011,Caudoviricetes
day7_DO_0_13C_virus_enriched_000000001830,1.6969241098060985,1.6970005410220177,0.4421,7.643121591915936e-05,307.91028159999996,317.66435786278,307.92415019735245,0.0014060260092899509,Phycodnaviridae
day7_DO_0_13C_virus_enriched_000000001851,1.6957490617098587,1.6933808638823487,0.35710000000000003,-0.002368197827510077,307.8681216,317.66458975978,307.43816847002597,-0.043400881008811315,Caudoviricetes
day7_DO_0_13C_virus_enriched_000000001981,1.6982951574839753,1.6969170264115907,0.4393,-0.001378131072384603,307.9088928,317.66436550174,307.6590311603661,-0.025327844400185127,Caudoviricetes
day7_DO_0_13C_virus_enriched_000000002005,1.702707956255653,1.705692229420671,0.5114,0.0029842731650178145,307.9446544,317.66416879852,308.4843775892059,0.05491278526220172,Caudoviricetes
day7_DO_0_13C_virus_enriched_000000002066,1.701691030615809,1.7072770938122244,0.5267000000000001,0.005586063196415303,307.9522432,317.66412705706,308.9631439223071,0.10293237384185575,Caudoviricetes
day7_DO_0_13C_virus_enriched_000000002125,1.6953686307659488,1.6929863731409052,0.2848,-0.0023822576250436267,307.8322608,317.66478700863996,307.3997084115593,-0.04350313586575297,Caudoviricetes
day7_DO_0_13C_virus_enriched_000000002135,1.702269730477257,1.7044881953468376,0.5204,0.002218464869580661,307.9491184,317.66414424472,308.35044980392337,0.040851324872113244,Caudoviricetes
day7_DO_0_13C_virus_enriched_000000002187,1.6985259678210904,1.6980427559190823,0.4336,-0.00048321190200817377,307.9060656,317.66438105248,307.81846972073924,-0.008876786712375863,Caudoviricetes
day7_DO_0_13C_virus_enriched_000000002263,1.7020124871778244,1.7025414072042446,0.49079999999999996,0.0005289200264202432,307.93443679999996,317.66422499943997,308.0301309806684,0.009725884409201267,Caudoviricetes
day7_DO_0_13C_virus_enriched_000000002282,1.705865288858731,1.7082187996660916,0.5685,0.0023535108073606814,307.97297599999996,317.66401301829995,308.39787340082347,0.04335715567859064,Caudoviricetes
day7_DO_0_13C_virus_enriched_000000002500,1.6961031095920438,1.693873818090161,0.4017,-0.0022292915018828907,307.8902432,317.66446808206,307.48556432240304,-0.040942576745862706,Caudoviricetes
day7_DO_0_13C_virus_enriched_000000002721,1.6955272455303876,1.6929198749628664,0.3636,-0.002607370567521139,307.8713456,317.66457202647996,307.3979030839822,-0.047806662090220886,Caudoviricetes
day7_DO_0_13C_virus_enriched_000000002771,1.7065732010607992,1.7085921959465762,0.5964,0.002018994885776948,307.98681439999996,317.66393690151995,308.35118423937973,0.037234295776037304,Caudoviricetes
day7_DO_0_13C_virus_enriched_000000003012,1.6988576677350147,1.6985784659237948,0.43689999999999996,-0.00027920181121987575,307.90770239999995,317.66437204941997,307.85709875625076,-0.005128934478540602,Caudoviricetes
day7_DO_0_13C_virus_enriched_000000003242,1.6968040858116455,1.6972036143011553,0.4205,0.0003995284895097484,307.899568,317.6644167919,307.9720658507256,0.0073418679809473635,Caudoviricetes
day7_DO_0_13C_virus_enriched_000000003329,1.7030707882551042,1.7062547307509208,0.5211,0.0031839424958166607,307.9494656,317.66414233498,308.5251864665956,0.058604447875049585,
day7_DO_0_13C_virus_enriched_000000003347,1.7061568570127703,1.708525984610891,0.5791,0.0023691275981205795,307.97823359999995,317.66398409937995,308.40588462742056,0.043661957646559536,Caudoviricetes
day7_DO_0_13C_virus_enriched_000000003400,1.6971777993234463,1.6973367225067864,0.4065,0.00015892318334009836,307.89262399999996,317.6644549867,307.9214549662974,0.0029176299840364306,Caudoviricetes
day7_DO_0_13C_virus_enriched_000000003513,1.7067499299885978,1.7087945260294948,0.6102000000000001,0.0020445960408970176,307.99365919999997,317.66389925235995,308.36261929494833,0.03773019973040101,Unclassified
day7_DO_0_13C_virus_enriched_000000003734,1.695944506690224,1.6935632921828787,0.35600000000000004,-0.0023812145073451862,307.867576,317.66459276079996,307.435310241645,-0.04363188193275209,Caudoviricetes
day7_DO_0_13C_virus_enriched_000000004015,1.7009399546453337,1.7022312876178884,0.4683,0.0012913329725547928,307.9232768,317.66428638394,308.1570484150785,0.023732023437106,Caudoviricetes
day7_DO_0_13C_virus_enriched_000000004016,1.712807400824016,1.711562085437553,0.3628,-0.0012453153864628863,307.87094879999995,317.6645742090399,307.6471078536092,-0.02260179889284018,
day7_DO_0_13C_virus_enriched_000000004107,1.705059144037471,1.7075798466123555,0.5559000000000001,0.00252070257488457,307.96672639999997,317.66404739361997,308.42201413763064,0.0464281248750429,Caudoviricetes
day7_DO_0_13C_virus_enriched_000000004244,1.6962966030696904,1.6967237366507189,0.4177,0.00042713358102841603,307.89817919999996,317.66442443086,307.9757090680878,0.007850338466467367,Caudoviricetes
day7_DO_0_13C_virus_enriched_000000004593,1.702638700715307,1.7060353491224554,0.5356000000000001,0.0033966484071483727,307.95665759999997,317.66410277608,308.5710101869982,0.06258347972050787,Caudoviricetes
day7_DO_0_13C_virus_enriched_000000004742,1.6964086183236495,1.6970562297414278,0.4033,0.0006476114177782488,307.8910368,317.66446371694,308.0085755514008,0.011892719206399359,Caudoviricetes
day7_DO_0_13C_virus_enriched_000000004907,1.6944723839125675,1.6921993915098394,0.3271,-0.002272992402728047,307.8532416,317.66467160578,307.44028232963626,-0.04162189715814247,Unclassified
day7_DO_0_13C_virus_enriched_000000005545,1.7042606049089772,1.7073677288893796,0.5755,0.00310712398040236,307.97644799999995,317.66399392089994,308.5379354886056,0.05731565650114998,Caudoviricetes
day7_DO_0_13C_virus_enriched_000000006008,1.695790719197144,1.69450637502949,0.3799,-0.0012843441676539946,307.8794304,317.66452755681996,307.6462511837804,-0.02356522864559346,Caudoviricetes
day7_DO_0_13C_virus_enriched_000000006322,1.6963666070447108,1.6970270970291506,0.4154,0.0006604899844397938,307.8970384,317.66443070572,308.0169198626846,0.012137251847755676,Caudoviricetes
day7_DO_0_13C_virus_enriched_000000006450,1.7012729905630046,1.7036738352330425,0.42579999999999996,0.0024008446700378716,307.90219679999996,317.66440233244,308.33670986884937,0.04401511674909872,
day7_DO_0_13C_virus_enriched_000000006575,1.7032818366956202,1.7062312348204467,0.5329,0.00294939812482653,307.95531839999995,317.66411014221995,308.4885729789259,0.05431457302536946,
day7_DO_0_13C_virus_enriched_000000006656,1.7038041834215403,1.7065190200354954,0.5475,0.0027148366139551072,307.96256,317.6640703105,308.4532666444316,0.05001837185497829,Caudoviricetes
day7_DO_0_13C_virus_enriched_000000006725,1.6970651570164947,1.6985308566427397,0.4183,0.0014656996262449873,307.89847679999997,317.66442279394,308.164398636001,0.026926917778202792,Caudoviricetes
day7_DO_0_13C_virus_enriched_000000006728,1.702936742128374,1.7070154130239965,0.551,0.004078670895622416,307.964296,317.6640607618,308.7018953364358,0.07519799779827062,Caudoviricetes
day7_DO_0_13C_virus_enriched_000000006793,1.7016761099600575,1.7050161521221503,0.524,0.0033400421620928267,307.950904,317.6641344232,308.55534863972565,0.06153749323135976,Caudoviricetes
day7_DO_0_13C_virus_enriched_000000007108,1.6963540569076292,1.6959138451936222,0.40380000000000005,-0.00044021171400698833,307.8912848,317.66446235284,307.811385589303,-0.008084509247256715,Caudoviricetes
day7_DO_0_13C_virus_enriched_000000007222,1.6973356387803018,1.6964223238668439,0.4535,-0.0009133149134579188,307.915936,317.6643267613,307.7502503159109,-0.016807341242585618,
day7_DO_0_13C_virus_enriched_000000007283,1.7021956816642452,1.7051095414429676,0.5146000000000001,0.002913859778722383,307.94624159999995,317.66416006827995,308.4733914318746,0.05364234848079079,Caudoviricetes
day7_DO_0_13C_virus_enriched_000000007287,1.7004688403619284,1.7025532722423051,0.4639,0.002084431880376769,307.92109439999996,317.66429838802,308.2985435661201,0.03830924887613173,Caudoviricetes
day7_DO_0_13C_virus_enriched_000000007423,1.6981813752363342,1.699896615521034,0.4384,0.001715240284699826,307.90844639999995,317.66436795711996,308.2194479095949,0.03152398841966954,Caudoviricetes
day7_DO_0_13C_virus_enriched_000000007564,1.696571346941524,1.6975219662930867,0.4155,0.0009506193515627093,307.897088,317.6644304329,308.0696082601531,0.01746669160650258,Caudoviricetes
day7_DO_0_13C_virus_enriched_000000007682,1.6962150569658792,1.6958437889263824,0.3797,-0.0003712680394967194,307.87933119999997,317.66452810245994,307.81194248344144,-0.006810273882694965,Caudoviricetes
day7_DO_0_13C_virus_enriched_000000007918,1.6976772802026554,1.6987548083794792,0.4267,0.0010775281768238276,307.9026432,317.66439987706,308.09807125787387,0.019797297064130373,Caudoviricetes
day7_DO_0_13C_virus_enriched_000000008571,1.7016661117098544,1.7019671251176,0.5379,0.0003010134077456872,307.9577984,317.66409650122,308.01227408456606,0.0055500389767971624,Caudoviricetes
day7_DO_0_13C_virus_enriched_000000008637,1.7030425077824778,1.7054777277586117,0.53,0.00243521997613394,307.95387999999997,317.66411805399997,308.39423039458904,0.044845149343109056,Caudoviricetes
day7_DO_0_13C_virus_enriched_000000008755,1.706746772228531,1.708432312025944,0.5731,0.0016855397974129271,307.97525759999996,317.66400046857996,308.2794061484255,0.03104311400004017,
day7_DO_0_13C_virus_enriched_000000008782,1.696146833747754,1.6945000853218313,0.36460000000000004,-0.0016467484259228282,307.8718416,317.66456929827996,307.5729361865927,-0.030184018888489275,Caudoviricetes
day7_DO_0_13C_virus_enriched_000000008851,1.6975684793652164,1.6981033078762269,0.40490000000000004,0.0005348285110104989,307.89183039999995,317.66445935181997,307.988833455374,0.009815692981350353,Caudoviricetes
day7_DO_0_13C_virus_enriched_000000008965,1.7021124412392719,1.7012051774644927,0.5022,-0.0009072637747791212,307.9400912,317.66419389796,307.77595228486194,-0.01669202335565987,Caudoviricetes
day7_DO_0_13C_virus_enriched_000000009080,1.7013609820480975,1.7024756790966549,0.4583,0.0011146970485573782,307.91831679999996,317.66431366593997,308.1200586070329,0.02046994147880254,
day7_DO_0_13C_virus_enriched_000000009109,1.6970771472783774,1.6965691110005587,0.45640000000000003,-0.000508036277818702,307.91737439999997,317.66431884952,307.82519638851903,-0.009352028163360287,Caudoviricetes
day7_DO_0_13C_virus_enriched_000000009118,1.6986067769272848,1.6977133442059766,0.4314,-0.0008934327213081517,307.90497439999996,317.66438705452,307.7430226269827,-0.01641001535038608,Phycodnaviridae
day7_DO_0_13C_virus_enriched_000000009159,1.6949146898634182,1.6921004100260484,0.3593,-0.0028142798373698152,307.86921279999996,317.66458375773993,307.3580188600856,-0.051607375191908084,Caudoviricetes
day7_DO_0_13C_virus_enriched_000000009295,1.6961893898663067,1.6971376791764974,0.39640000000000003,0.000948289310190642,307.88761439999996,317.66448254152,308.0597452570964,0.017410287194761877,
day7_DO_0_13C_virus_enriched_000000009371,1.6963155847632048,1.6956034751564864,0.40990000000000004,-0.0007121096067184141,307.8943104,317.66444571082,307.7650570356737,-0.013082424574687978,Caudoviricetes
day7_DO_0_13C_virus_enriched_000000009398,1.699402604813536,1.7009810374057042,0.4471,0.0015784325921681663,307.91276159999995,317.66434422177997,308.1987559471178,0.029002090688628062,Caudoviricetes
day7_DO_0_13C_virus_enriched_000000009527,1.7035933138031931,1.7063778185399596,0.5312,0.002784504736766502,307.9544752,317.66411478016,308.4578234392511,0.051263990120573026,
day7_DO_0_13C_virus_enriched_000000009575,1.6982666788929097,1.697039945297084,0.44909999999999994,-0.001226733595825813,307.91375359999995,317.66433876537997,307.69133379346863,-0.02255743634992761,Phycodnaviridae
day7_DO_0_13C_virus_enriched_000000009812,1.7029538394232135,1.706153322615563,0.5347,0.003199483192349417,307.9562112,317.66410523146,308.5347945408425,0.0589369774713648,Caudoviricetes
day7_DO_0_13C_virus_enriched_000000009813,1.6964428860484906,1.6936579439828203,0.4104,-0.0027849420656702595,307.8945584,317.66444434672,307.3891075448425,-0.05116069124880817,Caudoviricetes
day7_DO_0_13C_virus_enriched_000000009880,1.7051303480392341,1.7080722143500533,0.57,0.0029418663108191634,307.97371999999996,317.66400892599995,308.5050679479897,0.05422371182731495,Caudoviricetes
day7_DO_0_13C_virus_enriched_000000009929,1.7077343212565559,1.7087382613864261,0.58,0.0010039401298702622,307.97868,317.663981644,308.15973401533944,0.018485958409367693,Caudoviricetes
day7_DO_0_13C_virus_enriched_000000010175,1.707838126490999,1.708756437366424,0.5988,0.0009183108754249325,307.9880048,317.66393035384,308.15361108898094,0.016925100997983118,Caudoviricetes
day7_DO_0_13C_virus_enriched_000000010239,1.7000968313010205,1.6984176763758168,0.4395,-0.001679154925203763,307.90899199999996,317.6643649561,307.60487585148877,-0.030827802367366063,Caudoviricetes
day7_DO_0_13C_virus_enriched_000000010270,1.6958078722533618,1.6967506390352507,0.3832,0.0009427667818888708,307.88106719999996,317.66451855376,308.05223048310404,0.017300771895113625,Caudoviricetes
day7_DO_0_13C_virus_enriched_000000010511,1.7021441098593737,1.7038537011316284,0.5293,0.0017095912722546736,307.95353279999995,317.66411996373995,308.2628336805102,0.031497974519897824,Caudoviricetes
day7_DO_0_13C_virus_enriched_000000010517,1.702565573242587,1.7047200904857296,0.4816,0.0021545172431425286,307.92987359999995,317.66425009887996,308.3195444783359,0.03958555814939201,
day7_DO_0_13C_virus_enriched_000000010630,1.7022210987239883,1.7040905174706111,0.48590000000000005,0.0018694187466228307,307.9320064,317.66423836762,308.27018448149647,0.03436212126558258,Caudoviricetes
day7_DO_0_13C_virus_enriched_000000011044,1.7030616394277205,1.7057170812297717,0.5264,0.0026554418020512394,307.95209439999996,317.66412787551997,308.43225838559346,0.04889071337411539,Caudoviricetes
day7_DO_0_13C_virus_enriched_000000011132,1.6956425564724686,1.692687671868538,0.3191,-0.002954884603930674,307.84927359999995,317.66469343137993,307.31280494661564,-0.05404834900461474,Caudoviricetes
day7_DO_0_13C_virus_enriched_000000011234,1.701774313480189,1.7032395306171246,0.4608,0.0014652171369355926,307.91955679999995,317.66430684543997,308.18467363003265,0.026903795695765384,Caudoviricetes
day7_DO_0_13C_virus_enriched_000000011263,1.699058868577439,1.6996347473874285,0.4226,0.0005758788099894385,307.9006096,317.66441106268,308.0049693958439,0.010569665488201561,Caudoviricetes
day7_DO_0_13C_virus_enriched_000000011478,1.6962201065392437,1.6932095166766516,0.3397,-0.0030105898625920613,307.8594912,317.66463723045996,307.3130770526046,-0.0551080230110024,Caudoviricetes
day7_DO_0_13C_virus_enriched_000000011533,1.7018367901478273,1.70516502438919,0.47,0.0033282342413627486,307.92411999999996,317.664281746,308.5263185221253,0.061139302298189036,
day7_DO_0_13C_virus_enriched_000000011582,1.7011627929009845,1.7026402882304268,0.48229999999999995,0.001477495329442302,307.9302208,317.66424818914,308.1976646125056,0.027169831975167445,Schitoviridae
day7_DO_0_13C_virus_enriched_000000011730,1.697610584405858,1.6987564736708212,0.4155,0.0011458892649631736,307.897088,317.6644304329,308.104918918995,0.02104169426339068,Caudoviricetes
day7_DO_0_13C_virus_enriched_000000011866,1.6996356098300098,1.6992141017153723,0.4639,-0.00042150811463748106,307.92109439999996,317.66429838802,307.84473024334955,-0.007750589337387811,Caudoviricetes
day7_DO_0_13C_virus_enriched_000000012198,1.7061592197309519,1.7082120412942452,0.57,0.002052821563293339,307.97371999999996,317.66400892599995,308.34426870731426,0.03781425410488832,Caudoviricetes
day7_DO_0_13C_virus_enriched_000000012375,1.7024735264233208,1.705352819009945,0.564,0.002879292586624116,307.97074399999997,317.66402529519996,308.4915966689747,0.05313626692034124,Caudoviricetes
day7_DO_0_13C_virus_enriched_000000013236,1.6962742964414603,1.695836547726271,0.4143,-0.00043774871518942327,307.8964928,317.66443370674,307.8170355480583,-0.00804410033674442,Caudoviricetes
day7_DO_0_13C_virus_enriched_000000013254,1.6964845219260647,1.6974394830788424,0.4054,0.0009549611527777113,307.89207839999995,317.66445798771997,308.0653926686065,0.017538035820409015,Caudoviricetes
day7_DO_0_13C_virus_enriched_000000013308,1.7047190797288412,1.7077879583112685,0.5749,0.0030688785824273257,307.9761504,317.66399555782,308.5305768876834,0.056593133835235995,Caudoviricetes
day7_DO_0_13C_virus_enriched_000000013498,1.6957071622011741,1.6935624799927642,0.40149999999999997,-0.0021446822084099093,307.89014399999996,317.6644686277,307.5007332994375,-0.039397447396105414,Unclassified
day7_DO_0_13C_virus_enriched_000000013541,1.6968179331115532,1.6960453456170428,0.3932,-0.0007725874945103683,307.8860272,317.66449127176,307.7458419215989,-0.014176816758645702,Caudoviricetes
day7_DO_0_13C_virus_enriched_000000013708,1.6963748408253516,1.6950976072150294,0.3872,-0.0012772336103221704,307.88305119999995,317.66450764096,307.6512400627575,-0.023435689436577117,
day7_DO_0_13C_virus_enriched_000000013986,1.6964236473790528,1.6946935679225579,0.36869999999999997,-0.0017300794564949484,307.8738752,317.66455811265996,307.55989333143907,-0.031713088984013905,
day7_DO_0_13C_virus_enriched_000000014130,1.6987294120609897,1.6994414311885944,0.4572,0.0007120191276046572,307.91777119999995,317.66431666695996,308.04683433463885,0.01309478757664523,Caudoviricetes
day7_DO_0_13C_virus_enriched_000000014148,1.704082267358659,1.7068394053377587,0.5345,0.0027571379790996,307.95611199999996,317.66410577709996,308.45437285779707,0.05075446379883958,
day7_DO_0_13C_virus_enriched_000000014154,1.7033870399222164,1.7066536055167458,0.5407,0.0032665655945294247,307.9591872,317.66408886226,308.5497569659134,0.060176514931379876,
day7_DO_0_13C_virus_enriched_000000014259,1.7056082547485092,1.7071010339288712,0.5449,0.0014927791803620583,307.9612704,317.66407740382,308.2308036715066,0.02747020823383293,Caudoviricetes
day7_DO_0_13C_virus_enriched_000000014467,1.694622438348555,1.6923055515918206,0.2696,-0.002316886756734471,307.8247216,317.66482847727997,307.40386382971957,-0.04229436377514502,Caudoviricetes
day7_DO_0_13C_virus_enriched_000000014860,1.702350442918126,1.7043163773907855,0.505,0.0019659344726594696,307.94147999999996,317.66418625899996,308.2971017073942,0.03616996258639026,Caudoviricetes
day7_DO_0_13C_virus_enriched_000000014974,1.6962349370861252,1.6936802481808146,0.38020000000000004,-0.0025546889053105204,307.87957919999997,317.66452673836,307.41588367766565,-0.04686205857241319,
day7_DO_0_13C_virus_enriched_000000015052,1.6955967902627895,1.6930132844486692,0.3791,-0.002583505814120368,307.87903359999996,317.66452973938,307.40993193743543,-0.04740575679343639,Caudoviricetes
day7_DO_0_13C_virus_enriched_000000015053,1.7060896361053137,1.708423395672045,0.5744,0.0023337595667312083,307.9759024,317.66399692192,308.3971825562932,0.04300110318199886,Caudoviricetes
day7_DO_0_13C_virus_enriched_000000015160,1.6965566801384124,1.6955453055151974,0.4072,-0.001011374623214989,307.8929712,317.66445307696,307.70942582165605,-0.01857504970231365,
day7_DO_0_13C_virus_enriched_000000015239,1.6994344245442212,1.6989862178936623,0.46,-0.0004482066505588911,307.91916,317.664309028,307.83794979656216,-0.008240794330298016,Caudoviricetes
day7_DO_0_13C_virus_enriched_000000015584,1.7012846810963766,1.7037687333493032,0.4313,0.002484052252926583,307.90492479999995,317.66438732733997,308.3544979552955,0.045553466575578655,Caudoviricetes
day7_DO_0_13C_virus_enriched_000000015589,1.7041143212024004,1.707557203513653,0.5127,0.0034428823112526707,307.94529919999997,317.66416525185997,308.56745195715826,0.06330359808720606,
day7_DO_0_13C_virus_enriched_000000016480,1.6957860286548259,1.6941900519000626,0.36060000000000003,-0.0015959767547633064,307.8698576,317.66458021107997,307.58010811043044,-0.02925347751042876,Caudoviricetes
day7_DO_0_13C_virus_enriched_000000016530,1.7061807779213518,1.7084612766417364,0.5991,0.002280498720384605,307.9881536,317.66392953537996,308.3998137237496,0.042072658908745925,Caudoviricetes
day7_DO_0_13C_virus_enriched_000000016606,1.6955411099294502,1.692630875789303,0.3497,-0.0029102341401472387,307.86445119999996,317.66460994845994,307.3360313161216,-0.053320351349641894,Microviridae
day7_DO_0_13C_virus_enriched_000000016725,1.695762668730831,1.6962860913534543,0.4157,0.0005234226226233929,307.89718719999996,317.66442988726,307.9922242922737,0.009622061389417569,Caudoviricetes
day7_DO_0_13C_virus_enriched_000000016739,1.6950615580245019,1.6921622328896393,0.3592,-0.0028993251348625737,307.86916319999995,317.6645840305599,307.34256710153426,-0.053162023138219355,Caudoviricetes
day7_DO_0_13C_virus_enriched_000000016770,1.7085734666018382,1.7088820111239909,0.5424,0.00030854452215267614,307.9600304,317.66408422432,308.0156436834082,0.005667249094678696,Caudoviricetes
day7_DO_0_13C_virus_enriched_000000016780,1.6945161091325356,1.6920003762000602,0.3843,-0.002515732932475423,307.88161279999997,317.66451555274,307.42452188864763,-0.0462042379168892,
